{
    "Actor": {
        "types": [ "character" ],
        "templates": {
            "limits": {
                "health": {
                    "type": "health",
                    "value": 6,
                    "min": 0,
                    "max": 6
                },
                "energy": {
                    "type": "energy",
                    "value": 6,
                    "min": 0,
                    "max": 6
                }
            },
            "background": {
                "biography": "",
                "description": ""
            }
        },
        "character": {
            "templates": [ "limits", "background" ],
            "concepts": [ ],
            "skills": [ ],
            "resources": [ ],
            "powers": [ ]
        }
    },
    "Item": {
        "types": [ "concept", "skill", "resource", "power", "powerskill", "equipment" ],
        "templates": {
            "base": {
                "description": ""
            }
        },
        "concept": {
            "templates": [ "base" ],
            "question": "",
            "answer": "",
            "value": 1
        },
        "skill": {
            "templates": [ "base" ],
            "value": 0,
            "cost": 1
        },
        "resource": {
            "templates": [ "base" ],
            "value": 0,
            "min": 0,
            "max": 1
        },
        "power": {
            "templates": [ "base" ],
            "powerId": "",
            "leveled": true,
            "value": 1
        },
        "powerskill": {
            "templates": [ "base" ],
            "powerId": "",
            "value": 0,
            "cost": 1
        },
        "equipment": {
            "templates": [ "base" ],
            "value": 0,
            "weight": 0
        }
    }
}
