{
  "id": "scop",
  "title": "Scop",
  "description": "Scop RPG para o FoundryVTT!",
  "version": "0.1.7",
  "compatibility": {
    "minimum": 10,
    "verified": "10.287",
    "maximum": 10
  },
  "authors": [{
    "name": "Nalon"
  }],
  "esmodules": [ "module/scop.mjs" ],
  "styles": [ "css/scop.css" ],
  "scripts": [],
  "packs": [],
  "languages": [
    {
      "lang": "en",
      "name": "English",
      "path": "lang/en.json"
    },
    {
      "lang": "pt-BR",
      "name": "Português",
      "path": "lang/pt-BR.json"
    }
  ],
  "primaryTokenAttribute": "health",
  "secondaryTokenAttribute": "energy",
  "url": "https://scop.net.br/",
  "manifest": "https://raw.githubusercontent.com/jnalon/scop/main/scop/system.json",
  "download": "https://github.com/jnalon/scop/raw/main/releases/scop-0.1.7.zip",
  "license": "LICENSE.txt",
  "changelog": "CHANGELOG.md"
}
